{
  "type": "minecraft:crafting_shaped",
  "pattern": [
    "012",
    "345",
    " 7 "
  ],
  "key": {
    "0": {
      "item": "minecraft:stick"
    },
    "1": {
      "item": "extrautilitiesrebirth:eye_of_redstone"
    },
    "2": {
      "item": "minecraft:stick"
    },
    "3": {
      "item": "minecraft:stick"
    },
    "4": {
      "item": "extrautilitiesrebirth:golden_lasso"
    },
    "5": {
      "item": "minecraft:stick"
    },
    "7": {
      "item": "minecraft:stick"
    }
  },
  "result": {
    "item": "extrautilitiesrebirth:chunk_loading_wand",
    "count": 1
  }
}