{
  "type": "minecraft:crafting_shaped",
  "pattern": [
    "0 2",
    "345",
    "6 8"
  ],
  "key": {
    "0": {
      "item": "extrautilitiesrebirth:clean_glass"
    },
    "2": {
      "item": "extrautilitiesrebirth:clean_glass"
    },
    "3": {
      "item": "extrautilitiesrebirth:clean_glass"
    },
    "4": {
      "item": "extrautilitiesrebirth:clean_glass"
    },
    "5": {
      "item": "extrautilitiesrebirth:clean_glass"
    },
    "6": {
      "item": "extrautilitiesrebirth:clean_glass"
    },
    "8": {
      "item": "extrautilitiesrebirth:clean_glass"
    }
  },
  "result": {
    "item": "extrautilitiesrebirth:creeper_glass",
    "count": 7
  }
}