{
  "type": "minecraft:crafting_shaped",
  "pattern": [
    "012",
    " 4 ",
    " 7 "
  ],
  "key": {
    "0": {
      "item": "extrautilitiesrebirth:unstable_ingot"
    },
    "1": {
      "item": "extrautilitiesrebirth:unstable_ingot"
    },
    "2": {
      "item": "extrautilitiesrebirth:unstable_ingot"
    },
    "4": {
      "item": "minecraft:obsidian"
    },
    "7": {
      "item": "minecraft:obsidian"
    }
  },
  "result": {
    "item": "extrautilitiesrebirth:destruction_pickaxe",
    "count": 1
  }
}