{
  "type": "minecraft:crafting_shaped",
  "pattern": [
    " 1 ",
    "345",
    "678"
  ],
  "key": {
    "1": {
      "item": "minecraft:enchanted_book"
    },
    "3": {
      "item": "minecraft:diamond"
    },
    "4": {
      "item": "extrautilitiesrebirth:machine_block"
    },
    "5": {
      "item": "minecraft:diamond"
    },
    "6": {
      "item": "minecraft:iron_ingot"
    },
    "7": {
      "item": "minecraft:iron_ingot"
    },
    "8": {
      "item": "minecraft:iron_ingot"
    }
  },
  "result": {
    "item": "extrautilitiesrebirth:enchanter",
    "count": 1
  }
}