{
  "type": "minecraft:crafting_shaped",
  "pattern": [
    " 1 ",
    "345",
    "678"
  ],
  "key": {
    "1": {
      "item": "minecraft:iron_sword"
    },
    "3": {
      "item": "minecraft:iron_sword"
    },
    "4": {
      "item": "minecraft:iron_ingot"
    },
    "5": {
      "item": "minecraft:iron_sword"
    },
    "6": {
      "item": "minecraft:iron_ingot"
    },
    "7": {
      "item": "minecraft:iron_block"
    },
    "8": {
      "item": "minecraft:iron_ingot"
    }
  },
  "result": {
    "item": "extrautilitiesrebirth:iron_spike",
    "count": 4
  }
}