{
  "type": "minecraft:crafting_shapeless",
  "ingredients": [
    {
      "item": "minecraft:cobblestone"
    },
    {
      "item": "minecraft:cobblestone"
    },
    {
      "item": "minecraft:cobblestone"
    },
    {
      "item": "minecraft:chest"
    },
    {
      "item": "extrautilitiesrebirth:redstone_crystal"
    },
    {
      "item": "minecraft:chest"
    },
    {
      "item": "minecraft:cobblestone"
    },
    {
      "item": "minecraft:cobblestone"
    },
    {
      "item": "minecraft:cobblestone"
    }
  ],
  "result": {
    "item": "extrautilitiesrebirth:sorting_machine",
    "count": 1
  }
}