{
  "type": "minecraft:crafting_shaped",
  "pattern": [
    " 1 ",
    "345",
    "678"
  ],
  "key": {
    "1": {
      "item": "minecraft:stone_sword"
    },
    "3": {
      "item": "minecraft:stone_sword"
    },
    "4": {
      "item": "minecraft:cobblestone"
    },
    "5": {
      "item": "minecraft:stone_sword"
    },
    "6": {
      "item": "minecraft:cobblestone"
    },
    "7": {
      "item": "extrautilitiesrebirth:compressed_cobblestone"
    },
    "8": {
      "item": "minecraft:cobblestone"
    }
  },
  "result": {
    "item": "extrautilitiesrebirth:stone_spike",
    "count": 4
  }
}