{
  "type": "minecraft:crafting_shaped",
  "pattern": [
    "0 2",
    " 4 ",
    "6 8"
  ],
  "key": {
    "0": {
      "item": "extrautilitiesrebirth:ethereal_glass"
    },
    "2": {
      "item": "extrautilitiesrebirth:ethereal_glass"
    },
    "4": {
      "item": "extrautilitiesrebirth:ethereal_glass"
    },
    "6": {
      "item": "extrautilitiesrebirth:ethereal_glass"
    },
    "8": {
      "item": "extrautilitiesrebirth:ethereal_glass"
    }
  },
  "result": {
    "item": "extrautilitiesrebirth:swirling_glass",
    "count": 5
  }
}